painting/beianpudun,6915,90581de45e3b990e43fb7e90d59d41a6
painting/beianpudun_tex,393772,18b4e17dd7de21616851a97cd8535820
painting/biaoqiang,6851,e22a55dcb23716b18ba3222b8c29ea46
painting/biaoqiang_tex,450808,52efc55b75eb304105577e6de782647f
painting/bisimai_tex,732165,25ce9e8f70ce38ee9d105d885f35c53e
painting/bolisi,6886,6e31bbcf988c33ce7ed3af6299499fae
painting/bisimai,6878,8752e0d59b0924a3c8a4e3e8d0298ea2
painting/botelan,6848,1e6747e77b89d878637d27be46332475
painting/bolisi_tex,462322,52bf18d4b57a0f145bd8e0e6d1210633
painting/botelan_tex,456129,42a661b9a4e55ae7cdb8e4d5a65397bc
painting/changdao,6866,9aba5f4988e4368ae2bfa70c295e26f3
painting/changdao_tex,415090,29a86d773794ffae0ac927aefa805a61
painting/dahuangfeng_tex,526165,85a9603eea080d8b28d7952041dfc1ab
painting/dahuangfeng,6896,58d21d27c73954973e49a86781d30633
painting/fulaiche,6775,149bd37bddc754d82f0d3b01af1b52f5
painting/fulaiche_tex,434992,2497af317e8d3f2cfe901f434a8928ee
painting/gelideli,6865,7d3667c7c938a7cf581452fc34ec1580
painting/gelideli_tex,410420,cb9aabcd4624990d674aa4e173ccd591
painting/haman,6838,4613e91d50466ee197cc5c2bd5b91310
painting/haman_tex,304126,5aa460c499407692e2feb3bd4976aea0
painting/hude,6864,38abefcf5f1760a1409db7cc8d411689
painting/huixing,6824,9291fc5030fbeca09c97b9eb6972e8aa
painting/huixing_tex,298384,3daa11674b17bcdd65a2a81186e190c9
painting/hude_tex,1206251,6be6cc243f2cd985c0b318a61c0d3d7d
painting/keleiwen,6871,96767535712ae81d8f14e888883b091f
painting/keleiwen_tex,350726,ea6603a013a32b64e9c189434358d1cd
painting/kente,6796,6ce8dc46a88c3215532f6aaa2a1af785
painting/lafei,6855,add23ad241be00f0f4f13428fd201d5f
painting/kente_tex,358243,43d1eef513e23654b55c52ab6f783289
painting/lafei_tex,364085,95eb1a7714e34864befc6a7d427d904b
painting/lingbo_tex,301321,865c6fb7e4ab17f908b506c934a9e6b9
painting/lingbo,6863,cf1a933d7da04c5044d4cc5038aec4b5
painting/maikaoer,6787,96b148c7458aa10c11bf7827c5193a10
painting/maikaoer_tex,361207,7d29f00e8906af36de38ce60e62c01c3
painting/mingshi,7035,dd04fc085ffd9011333ca09ce23b5a68
painting/mingyunnvshen,6854,b9e75fee6983fdf68b9dd18819730ae9
painting/mingshi_tex,400361,571977c67c7e97e514a43f6c40b49bbc
painting/mingyunnvshen_tex,339676,73f33f720d7af9b6cc9c5c16901ed8f0
painting/nvjiang,6885,0ee42d2c9a155bd496629197b75ad59c
painting/nuofuke_tex,489846,a1ff1f1c3c2be6b985a8b788a94ea1fe
painting/nuofuke,6801,dc55f5cdf4d936a23b6d5ac4c385eeeb
painting/nvjiang_tex,371777,535f972aee57cde7ac79a4522e959ba8
painting/ougen,6873,359ebaa250c72e85f5ea6b7fc1cff11e
painting/ougen_tex,1086164,8b2c8cbf24ffe9912ff9b6ab7255b01e
painting/safuke,6887,6626a9e45848b28c19b8a2a398921d8e
painting/safuke_xinshou,6887,15d01d52a16c85f3fb3b4e1776249386
painting/safuke_tex,361777,2f673ce78f634b8b28b06d2ad8a1f2b9
painting/saqieer,6803,232806a3c208dc73e8c26f96d0bcedab
painting/saqieer_tex,302996,6a9bffcf55b804a7bb744d7474848207
painting/safuke_xinshou_tex,361418,440a3a8c8c1858727da1a018aaf65f11
painting/shiluopujun,6884,1b410d28d3366854863227df004ee4a9
painting/shiluopujun_tex,390334,96a56fc0801bda12c9fe1ea27c74c287
painting/tianhou_tex,602577,4b70ec46eb17195f507b6e5c1445d7d9
painting/tianhou,6856,ecdafba5772a74153f5b6bae73f9b413
painting/unknown1,5110,0a194eccdfbb4f493a9fbae86291c87f
painting/unknown2,5121,0f8a2f44aa30f48eb59a4d58a9f9b6cc
painting/unknown2_memory_tex,4689,aa51ad5bc53d5348eab268941cf9eecf
painting/unknown1_xinshou_tex,356667,08bf7e3bdaf6aca916abbe8e67c26842
painting/unknown1_tex,352775,06bebfeed616336fbbc1d6a019072691
painting/unknown2_tex,465085,1013e2fe242db30d3ba228d707aef6c8
painting/unknown1_xinshou,5131,c784a3680d6f043581e55a96e782b7b0
painting/weiershiqinwang,6908,f5b1f1a1e17c62e6a6b1fefa37f244ed
painting/weiershiqinwang_tex,1180955,9396bdd0933b7c49f8cf8ee2b352e8f9
painting/unknown2_memory,6132,9668fea7e7b77862f0418e8a18d3925a
painting/xiaotiane_tex,290807,82e322135c87674b60c003a3daf1fe24
painting/xiaotiane,6887,1e69edba58ef6bdcb686744046013e9e
painting/ximusi_tex,278599,002a0cb958a9d606ce11c65129c85c3c
painting/xinyue,6881,8c810a6cfb19319a9b0ea9bddddbf7eb
painting/xinyue_tex,292410,925cfef4bd7d9504927759dcfaa1985a
painting/ximusi,6869,052f4d8fc4b436d7ffd0c437ff1c75a8
painting/z23_tex,394732,94137ddf7d2988fb18d909ecea94bbd5
painting/z23,7042,9a0085cba41b6b4e6c8ed03667e63137
painting/zhijiage,6801,8484c951a0180726e4c6b6c895c1af4f
painting/zhijiage_tex,379278,8370b75a91bd9137d4ec238778211d94